nombre,apellido,email,fecha_registro
Kathryn,Mason,njones@yahoo.com,2024-03-01
Nicole,Roberts,mike00@harris-roberts.com,2022-01-16
Brian,Mendez,eugene83@sutton-grant.com,2024-06-28
Erika,Chan,ndavis@harvey-franklin.com,2023-09-14
Deborah,Ellis,phillipstravis@wright.com,2021-09-03
Elijah,Buchanan,cynthia72@gonzalez.com,2020-03-11
Rachel,Griffin,donna07@flores-evans.com,2022-09-28
Teresa,Bell,deniseortiz@ortiz-rivas.com,2020-05-05
Kayla,Henderson,crystalgarcia@gmail.com,2023-06-27
Michele,Russell,iortega@may-payne.info,2020-05-17
Ernest,Riddle,davidthompson@williams-hicks.com,2022-03-01
Dawn,Higgins,gravessara@yahoo.com,2020-02-26
Antonio,Hale,troy47@dennis.com,2022-01-02
Amanda,Peterson,whiterachel@warren-martin.net,2020-08-04
Kelly,Green,territurner@bryan.com,2023-08-11
Kendra,Bruce,gmiller@hotmail.com,2022-11-17
Wesley,Myers,wrightlisa@parker.com,2022-01-24
Emily,Ferrell,bbailey@wilson.net,2022-09-23
Kenneth,Harris,turnerchristopher@pearson.com,2022-09-12
Tiffany,Parker,nguyendaisy@potts-wright.info,2023-01-02
Rhonda,Hunt,michael42@gmail.com,2020-12-19
Jeffrey,Simmons,seansmith@smith-daniels.net,2019-10-17
Autumn,Lewis,birdtimothy@lewis-spencer.biz,2020-09-13
Patty,Mills,danielhart@yahoo.com,2020-06-27
Olivia,Smith,khood@yahoo.com,2023-07-14
Marcus,Parker,guzmandarlene@gmail.com,2024-04-07
Michelle,Hogan,wallacewilliam@gmail.com,2021-09-24
Andrew,Porter,mark05@cox.com,2023-08-09
Regina,Jackson,adrian78@hernandez.info,2022-05-27
Daniel,Lee,herreraeric@brown.biz,2021-07-04
Dana,Becker,lauriebarr@yahoo.com,2023-05-18
Andrew,White,marysmith@newton.com,2024-06-29
Troy,Mendez,rconner@gmail.com,2021-02-27
Travis,Clark,markrichards@stanton.com,2021-03-10
Wendy,Bush,ypetty@nunez.com,2021-01-31
Bryan,Casey,christopher68@andrews.com,2020-09-25
Linda,Robinson,thodge@knight-johnston.net,2024-08-13
Maria,Higgins,blloyd@james.info,2022-11-29
Kimberly,Ali,ibennett@kim.com,2024-08-21
Brittany,Calderon,samantha32@blair.com,2022-01-26
Zachary,Campbell,salazardavid@gmail.com,2020-07-09
Jesus,Benjamin,xvasquez@reynolds.com,2024-07-19
Samuel,Stewart,gonzalezryan@yahoo.com,2020-11-27
Christopher,Newton,jonestamara@yahoo.com,2020-03-21
Christy,Villanueva,teresahall@yahoo.com,2021-10-14
Brittany,Chung,millercaitlin@golden.com,2023-10-16
Christine,Wood,nathan62@hotmail.com,2021-06-28
Stephen,Hernandez,pollardaustin@hotmail.com,2021-12-26
Kyle,Alexander,daisy98@yahoo.com,2024-04-10
Hannah,Gregory,glopez@parker.com,2024-02-26